Litters,Litter_links
A,https://chroniclingamerica.loc.gov//titles/;start=A
B,https://chroniclingamerica.loc.gov//titles/;start=B
C,https://chroniclingamerica.loc.gov//titles/;start=C
D,https://chroniclingamerica.loc.gov//titles/;start=D
E,https://chroniclingamerica.loc.gov//titles/;start=E
F,https://chroniclingamerica.loc.gov//titles/;start=F
G,https://chroniclingamerica.loc.gov//titles/;start=G
H,https://chroniclingamerica.loc.gov//titles/;start=H
I,https://chroniclingamerica.loc.gov//titles/;start=I
J,https://chroniclingamerica.loc.gov//titles/;start=J
K,https://chroniclingamerica.loc.gov//titles/;start=K
L,https://chroniclingamerica.loc.gov//titles/;start=L
M,https://chroniclingamerica.loc.gov//titles/;start=M
N,https://chroniclingamerica.loc.gov//titles/;start=N
O,https://chroniclingamerica.loc.gov//titles/;start=O
P,https://chroniclingamerica.loc.gov//titles/;start=P
Q,https://chroniclingamerica.loc.gov//titles/;start=Q
R,https://chroniclingamerica.loc.gov//titles/;start=R
S,https://chroniclingamerica.loc.gov//titles/;start=S
T,https://chroniclingamerica.loc.gov//titles/;start=T
U,https://chroniclingamerica.loc.gov//titles/;start=U
V,https://chroniclingamerica.loc.gov//titles/;start=V
W,https://chroniclingamerica.loc.gov//titles/;start=W
X,https://chroniclingamerica.loc.gov//titles/;start=X
Y,https://chroniclingamerica.loc.gov//titles/;start=Y
Z,https://chroniclingamerica.loc.gov//titles/;start=Z
0,https://chroniclingamerica.loc.gov//titles/;start=0
1,https://chroniclingamerica.loc.gov//titles/;start=1
2,https://chroniclingamerica.loc.gov//titles/;start=2
3,https://chroniclingamerica.loc.gov//titles/;start=3
4,https://chroniclingamerica.loc.gov//titles/;start=4
5,https://chroniclingamerica.loc.gov//titles/;start=5
6,https://chroniclingamerica.loc.gov//titles/;start=6
7,https://chroniclingamerica.loc.gov//titles/;start=7
8,https://chroniclingamerica.loc.gov//titles/;start=8
9,https://chroniclingamerica.loc.gov//titles/;start=9
