title,orignal_price,Current_price,Shipping
JBL JBLGO2YELAM GO 2 Portable Bluetooth Speaker - Yellow,800.00,508.00,FREE Shipping
JBL JBLGO2REDAM GO 2 Portable Bluetooth Speaker - Red,800.00,522.50,FREE Shipping
JBL JBLGO2ORGAM GO 2 Portable Bluetooth Speaker - Orange,989.00,595.00,FREE Shipping
JBL JBLGO2GRN GO 2 Portable Bluetooth Speaker - Green,800.00,709.00,FREE Shipping
JBL JBLGO2BLU GO 2 Portable Bluetooth Speaker - Blue,800.00,522.50,FREE Shipping
JBL JBLGO2CYANAM GO 2 Portable Bluetooth Speaker - Cyan,800.00,666.00,FREE Shipping
Anker A3121H11 Soundcore Icon Mini Bluetooth Speaker - Black,666.00,340.00,FREE Shipping
JBL JBLGO2BLK GO 2 Portable Bluetooth Speaker - Black,800.00,520.00,FREE Shipping
JBL EON ONE COMPACT-EK Bluetooth Speaker - Black,"12,705.00","12,458.00",FREE Shipping
Bose Soundlink Revolve Plus Bluetooth Speaker - Grey,,"7,199.00",FREE Shipping
"Anker A3122H11 Soundcore Icon Waterproof Bluetooth Speaker, 12 Hours Play Time - Black","1,259.00",844.00,FREE Shipping
JBL Clip 4 Waterproof Bluetooth Wireless Speaker - Red,"1,347.00","1,104.00",FREE Shipping
Anker A3107Z11 SoundCore Mini 2 Wireless Waterproof Bluetooth Speaker - Black,875.00,555.00,FREE Shipping
UE Boom 2 Wireless Bluetooth Speaker - GreenMachine,"3,892.00","3,197.00",FREE Shipping
ICONZ BS04L Square Waterproof Bluetooth Wireless Speaker - Blue,251.00,199.00,FREE Shipping
X-Loud LD-XS40 Wireless Sound Bar with Optical and HDMI Port - Black,"1,299.00","1,199.00",FREE Shipping
JBL JBLGO2CINNAMONAM GO 2 Portable Bluetooth Speaker - Sunkissed Cinnamon,800.00,649.00,FREE Shipping
JBL JBLBAR51BLKAM Bar 5.1 4K Ultra HD Soundbar with Wireless Subwoofer - Black,"21,120.00","17,344.00",FREE Shipping
"Kisonli S-333 Wired Computer Speaker, 2 Pieces - Black",154.00,126.50,FREE Shipping
"Bose SoundTouch 10 Wireless Music Speaker, Black",,"4,850.00",FREE Shipping
"X-Loud LD-X600 Multifunction Wireless Speaker, 60 Watt - Black","1,372.00","1,036.84",FREE Shipping
"X-Loud LD-X501 Multifunction Wireless Speaker, 3 Pieces - Black","1,148.00",810.00,FREE Shipping
"Mediatech MT-327 Speaker and Subwoofer, 3 Pieces - Black",644.00,529.00,FREE Shipping
"X-Loud LD-X700 Multifunction Wireless Speaker with Optical and HDMI Ports, 3 Pieces, 70 Watt - Black","1,645.00","1,350.00",FREE Shipping
JBL Horizon 2 Bluetooth Wireless Speaker with FM Radio and Clock - Black,"3,048.00","2,721.50",FREE Shipping
Tronsmart Element T6 Mini Bluetooth Speaker - Red,541.00,429.00,FREE Shipping
JBL JBLGO2CHAMPAGNE GO 2 Portable Bluetooth Speaker - Champagne,840.00,550.00,FREE Shipping
JBL JBLGO2MINTAM GO 2 Portable Bluetooth Speaker - Mint,800.00,550.00,FREE Shipping
Bose 791 Wireless In-Ceiling Speaker II - White,"12,958.00","11,107.50",FREE Shipping
Bose S1-Pro Portable Speaker,"13,000.00","11,424.00",FREE Shipping
JBL Boombox 2 Outdoor Bluetooth Speaker - Multi Color,"11,340.00","9,999.00",FREE Shipping
Bose 700 Wireless Soundbar with Built in Alexa - Black,"22,982.00","19,699.50",FREE Shipping
Bose Free Space 51 Wireless Outdoor in-Ground Speakers - Green,"10,976.00","9,408.00",FREE Shipping
Bose 500 Wireless Soundbar with Built in Alexa - Black,"16,050.00","13,757.00",FREE Shipping
Bose Bass Module 700 Wireless Subwoofer - Black,"20,182.00","17,299.50",FREE Shipping
Creative Muvo 2C Bluetooth Wireless Speaker - Green,"1,328.00","1,273.00",FREE Shipping
Bose 151 SE Environmental Wireless Outdoor Stereo Speakers - Black,"6,272.00","5,376.00",FREE Shipping
Bose SoundLink Mini II Wireless Bluetooth Speaker - Black,"4,598.00","3,941.00",FREE Shipping
Bose SoundLink Micro Waterproof Bluetooth speaker - Midnight Blue,"2,999.00","2,688.00",FREE Shipping
Bose SoundLink Color 2 Bluetooth Speaker - Polar White,,"3,495.00",FREE Shipping
Anker A3167H11 Soundcore Flare Mini Bluetooth Speaker - Black,750.00,444.00,FREE Shipping
JBL Go 3 Waterproof and Dust Proof Bluetooth Speaker - White,"1,444.00",725.00,FREE Shipping
Bose SoundLink Micro Bluetooth Speaker - Black,"2,999.00","2,688.00",FREE Shipping
LG PK5 Portable Bluetooth Speaker with Meridian Technology - 2018,,"3,499.00",FREE Shipping
JBL GO2-BL/99 Portable Wireless Bluetooth Speaker - Sea Blue,"1,350.00",699.00,FREE Shipping
VT CS40 Bluetooth Speaker - Black,"2,926.00","2,403.50",FREE Shipping
JBL Flip 5 Waterproof Portable Bluetooth Speaker - Yellow,"2,888.00","2,224.00",FREE Shipping
JBL JBLPULSE4WHT Pulse 4 Portable Bluetooth Speaker - White,"5,775.00","4,199.00",FREE Shipping
"Iq&T Sv10U Bluetooth Speaker, Black",210.00,193.00,FREE Shipping
Bose Companion 20 329509-5300 Multimedia Speaker System - Silver,"5,959.00","5,099.00",FREE Shipping
"Kisonli A-909 Wired Computer Speaker, 2 Pieces - Black and Gold",147.00,121.00,FREE Shipping
Utopia BA-321 Wired Computer Speaker - Black,200.00,164.50,FREE Shipping
"Kisonli L-6060 Wired Computer Speaker, 2 Pieces - Black",386.00,317.50,FREE Shipping
"Lava ST-54 Wired Computer Speaker, 2 Pieces - Multi Color",101.00,83.00,FREE Shipping
Ruizu D-01 Wired Computer Speaker - Blue and White,266.00,218.50,FREE Shipping
"Kisonli KS-01 Wired Computer Speaker, 2 Pieces - Grey",154.00,126.50,FREE Shipping
Ruizu D-06 Wired Computer Speaker - Pink and White,266.00,218.50,FREE Shipping
Ruizu D-06 Wired Computer Speaker - Blue and White,266.00,218.50,FREE Shipping
Ruizu D-01 Wired Computer Speaker - Pink and White,266.00,218.50,FREE Shipping
JBL Go 3 Waterproof Bluetooth Wireless Speaker - Multi Color,886.00,791.50,FREE Shipping
JBL GO2-GY/99 Portable Wireless Bluetooth Speaker - Ash Grey,"1,350.00",549.00,FREE Shipping
JBL JBLBAR21BLKAM BAR 2.1 Soundbar with Wireless Subwoofer - Black,"10,800.00","8,288.00",FREE Shipping
Xiaomi QBH4105GL Mi Wireless Bluetooth Speaker - Red,"1,127.00",575.00,FREE Shipping
JBL JBLFLIP5REDAM Flip 5 Portable Waterproof Bluetooth Speaker  - Red,"2,993.00","2,125.00",FREE Shipping
Awei Y280 Outdoor IPX4 Waterproof Wireless HIFI Stereo Bluetooth Speakers,840.00,559.00,FREE Shipping
JBL GO 3 Portable Waterproof Bluetooth Speaker - Green,"1,155.00",849.00,FREE Shipping
Symphoney Wireless Speaker And Essential Oil Diffuser White Version Aromasound,,"2,156.50",FREE Shipping
Thomson Ws02N Wireless Speaker - Black,,"1,161.50",FREE Shipping
Thomson Wifi Wireless Speaker With Alexa Voice Assistant,,"2,501.50",FREE Shipping
Bigben Wireless Luminous Speaker Partybtiplite,,"1,161.50",FREE Shipping
Wireless Luminous Playstation Cube Ps200 Sony,,"1,938.00",FREE Shipping
THOMSON MIC500IWF All-In-One Hi-Fi Connected System,,"7,331.50",FREE Shipping
Bigben Bluetooth Speaker With Light Effect - Total Musical Output 100W - Rechargeable Battery 2 400Mah - Aux In - Micro Sd Card & Usb Reader - Micro Input Jack - Belt For An Easier Transportation,,"2,369.00",FREE Shipping
Nacon Ga-200 Including A 10W Subwoofer And 2 Satellite Speakers (2 X 5W). Wired Remote With Volume Control And Power Led Ring. 3.5Mm Headset Out & Microphone In On Remote Control.,,"1,724.00",FREE Shipping
"Google Ga00638Us Nest Mini (Chalk, 2Nd Generation) Gray",,"1,265.00",FREE Shipping
Thomson Ws04 Bluetooth Lautsprecher - Grey,,"1,420.50",FREE Shipping
JBL Clip 4 Water-proof Bluetooth speaker - Black,"1,680.00","1,145.00",FREE Shipping
Jbl Go3 Portable Waterproof Bluetooth Speaker - Teal,"1,008.00",900.00,FREE Shipping
Bigben Wireless Luminous Speaker +Micro,,"1,075.50",FREE Shipping
Bluetooth Speaker With Light Effect - Aroma Diffuser - Bluetooth Transmission Distance Up To 10 Meters,,"2,156.50",FREE Shipping
Anker A33003A1 Soundcore Wakey Bluetooth Speaker - White,"1,999.00","1,663.00",FREE Shipping
JBL Clip 4 Water-proof Bluetooth speaker - Blue,"1,680.00","1,050.00",FREE Shipping
TOSHIBA TS219 Sound Bar with USB Input and Bluetooth - 320 Watt,"5,417.00","3,849.00",FREE Shipping
JBL Cinema SB160 2.1 Channel Soundbar with Wireless Subwoofer for Extra Deep Bass - Black,"5,316.00","4,746.50",FREE Shipping
JBL JBLFLIP5SQUADAM Flip 5 Portable Waterproof Bluetooth Speaker - Multi Color,"2,888.00","2,400.00",SUMMER150
iQ&T a19X - Loud Speaker 700W - Wirless Mic - BT - USB - Disco Light - 2200maH Battary ( 4 Hours Without Electricity ) - Black,"2,863.00","2,250.00",FREE Shipping
Aspor A660 Portable Wireless Bluetooth Speaker with Digital LED Screen - Silver and Black,431.00,325.86,FREE Shipping
JBL GO 3 Portable Waterproof Bluetooth Speaker - Black,"1,100.00",816.00,FREE Shipping
Google Home Mini Wireless Voice Activated Speaker - Chalk,"1,900.00",849.00,FREE Shipping
Moxom MX-SK18 Wireless Bluetooth Speakers - Grey,322.00,264.50,FREE Shipping
Moxom MX-SK19 Wireless Bluetooth Speaker - Red,308.00,253.00,FREE Shipping
"Huawei CM510 Mini Bluetooth Speaker, Green - Official Warranty",499.00,410.00,FREE Shipping
Anker A3300311 Soundcore Wakey Bluetooth Speaker - Black,,"1,999.00",FREE Shipping
"Yamaha YAS-209 Soundbar with Wireless Subwoofer, Alexa Connectivity and Bluetooth - Black","7,280.00","5,980.00",FREE Shipping
Awei Y800 Bluetooth Wireless Stereo Speaker - Grey,358.00,294.50,FREE Shipping
Touch Lamp Portable Speaker Music Player Romantic LED Bluetooth Speaker Light - White,79.00,65.00,FREE Shipping
Awei Y900 Bass Wireless Bluetooth Speaker with Mic and strap (NFT) - Black/Yellow,385.00,259.00,FREE Shipping
"TOSHIBA TS218 Sound Bar with USB Input and Bluetooth, 200 Watt - Black","4,157.00","2,899.00",FREE Shipping
"TOSHIBA TS212 Sound Bar with USB Input and Bluetooth, 120 Watt - Black","3,401.00","2,450.00",FREE Shipping
JBL GO 3 Portable Waterproof Bluetooth Speaker - Red,"1,155.00",849.00,FREE Shipping
"TT-SK15 Sound Bar Wired and Wireless Bluetooth Audio (with 2.0 Channel, 40 Watt Speaker, 2 Passive Radiators, Dual Connection Methods, Touch and Remote Control, Wall Mountable)","1,575.00","1,294.00",FREE Shipping
"F&D 2.1 Bluetooth Speaker, Black - F210X",837.00,412.37,FREE Shipping
Google Ga00781-Us Nest Mini (2Nd Generation) Charcoal,,"1,265.00",FREE Shipping
Bose 829393-2300 Portable Home Bluetooth Speaker - Silver,"8,960.00","4,379.00",FREE Shipping
JBL GO 2 Portable Wireless Speaker - Mint,900.00,625.00,FREE Shipping
Remax RB-M53 Wireless Bluetooth Mini Speaker - Pink,392.00,322.00,FREE Shipping
Awei Y200 Super Bass Portable Wireless Bluetooth Speaker with Radio - Yellow,469.00,385.50,FREE Shipping
"ICONZ Multimedia Speaker, Bluetooth 2.1, 54 Watt","1,652.00","1,357.00",FREE Shipping
"Anker A3161H11 Soundcore Flare Wireless Speaker , Waterproof, Enhanced Bass,  LED Light, 12 Hours Play Time - Black","1,399.00","1,008.00",FREE Shipping
"JBL Professional SRX835P Portable Speaker, 2000 watts, 15 Inches - Black","40,442.00","31,414.88",FREE Shipping
ICONZ BS04K Square Waterproof Bluetooth Wireless Speaker - Black,251.00,206.00,FREE Shipping
"X-Loud LD-X800 Soundbar and Subwoofer with Optical and HDMI Ports, 2 Pieces, 80 Watt - Black","2,170.00","1,782.50",FREE Shipping
Hotmai HT-2020LED Portable Wired Computer Speaker - Black,181.00,148.50,FREE Shipping
Moxom Mx-Sk10 Wireless Bluetooth Speakers - Black,210.00,172.50,FREE Shipping
Apple HomePod mini -  Space Gray,"4,480.00","2,880.00",FREE Shipping
"Yesido YSW-02 Wireless Bluetooth Speaker, 10 w - Black",308.00,253.00,FREE Shipping
AKD 2105A Portable Square Wireless Speaker With Soft Touch Silicone Handle - Multi Color,308.00,253.00,FREE Shipping
AKD 2105A Portable Square Wireless Speaker With Soft Touch Silicone Handle - Multi Color,308.00,253.00,FREE Shipping
AKD 2105A Portable Square Wireless Speaker With Soft Touch Silicone Handle - Multi Color,308.00,253.00,FREE Shipping
DW01 Mini Bluetooth Speaker 3 Watt With USB Cable And Sling - Blue,308.00,253.00,FREE Shipping
Awei Y331 Waterproof Wireless Bluetooth Stereo Speaker - Black,840.00,517.50,FREE Shipping
B&O PLAY by Bang & Olufsen Beoplay A2 Active Portable Bluetooth Speaker (Natural),"9,738.00","6,959.13",FREE Shipping
Recci RSK-W08 Antlers Bluetooth Speaker - White,294.00,189.00,FREE Shipping
X-LOUD 602BT Subwoofer Bluetooth Speaker Black,499.00,402.50,FREE Shipping
Joyroom JR-M09 Stereo Bluetooth Speaker - Green,364.00,249.00,FREE Shipping
JBL GO2-YL/99 Portable Wireless Bluetooth Speaker - Lemonade Yellow,"1,350.00",750.00,FREE Shipping
Wireless Luminous Speaker Partybtipmini Bigben,"1,050.00",862.50,FREE Shipping
Anker A3391L11 Soundcore Rave Bluetooth Speaker 80W - Black,"6,999.00","4,714.05",FREE Shipping
Tronsmart Element Mega Wireless Bluetooth Speaker - Black,"1,120.00",899.00,FREE Shipping
OneDer V9 Portable Square Wireless Speaker With 4 Metal Bases And Silicone Handle - Blue Orange,560.00,460.00,FREE Shipping
Lenovo L01 Portable Bluetooth Wireless Speaker Mini Outdoor Loudspeaker Wireless Column 3D Stereo Music Surround Bass Box colour - Black,350.00,280.00,FREE Shipping
Bose 808429-2300 Home Bluetooth Speaker 300 - Luxe Silver,"7,241.00","5,819.00",FREE Shipping
Xiaomi Outdoor Bluetooth Speaker Mini Dustproof Waterproof Wireless Portable Speaker,910.00,747.50,FREE Shipping
LG PJ2 Bluetooth Speaker,910.00,747.50,FREE Shipping
"X-Loud LD-XT1200 Wireless Tower Speaker, 2 Pieces - Black","3,430.00","2,300.00",FREE Shipping
Bose 731419-2110 Loudspeaker - Black,"31,920.00","19,699.20",FREE Shipping
Bose 838309-2100 TV Speaker - Black,"7,280.00","6,240.00",FREE Shipping
JBL GO 3 Portable Waterproof Bluetooth Speaker - Blue,"1,155.00",791.50,FREE Shipping
JBL JBLGO2CINNAM Outdoor Bluetooth Speaker - Brown,800.00,600.00,FREE Shipping
"REMAX RB-M36 Portable Wireless Bluetooth Speaker Soundbar with TF Card, FM Radio, USB Port and Alarm Clock - Black",980.00,805.00,FREE Shipping
Remax RB-M50 Tianyue Wireless Bluetooth 5.0 Speaker with Alarm Clock - Pink,476.00,222.87,FREE Shipping
BOROFONE BR6 Miraculous Sports Wireless Speaker - Grey,238.00,195.50,FREE Shipping
BOROFONE BR6 Miraculous Sports Wireless Speaker - Multi Color,238.00,195.50,FREE Shipping
Recci RSK-W08 Antlers Bluetooth Speaker - Blue,287.00,217.00,FREE Shipping
Awei Y330 Wireless Bluetooth Stereo Speaker - Black,630.00,379.00,FREE Shipping
JBL Flip Essential Portable Bluetooth Speaker - Black,"2,380.00","2,000.00",FREE Shipping
AK205 360 Light show And Sound Bluetooth Speaker - Multi Color,385.00,316.50,FREE Shipping
iHome Kiddesigns Bluetooth Speaker Star Wars Darth Vader,"1,412.00",919.00,FREE Shipping
MOJUE 3BH02P Portable Bluetooth Speaker - Pink,213.00,175.00,FREE Shipping
MOJUE 3BH02S Portable Bluetooth Speaker - Black,213.00,160.00,FREE Shipping
JBL JBLPULSE4BLKAM Pulse 4 Portable Bluetooth Speaker - Black,"5,775.00","5,099.50",FREE Shipping
Bose 318881-0101 Portable Loudspeaker - Black,"3,360.00","2,880.00",FREE Shipping
Nillkin C1 Candy Box Series Bluetooth Speaker - White,980.00,805.00,FREE Shipping
Nillkin C1 Candy Box Series Bluetooth Speaker - Orange,980.00,805.00,FREE Shipping
Nillkin C1 Candy Box Series Bluetooth Speaker - Blue,980.00,805.00,FREE Shipping
Nillkin MC5 Pro Series NFC Bluetooth Speaker with Touch Buttons - White,"1,680.00","1,380.00",FREE Shipping
Taotronics TT-SK018 Stereo Wired SoundBar - Silver,476.00,391.00,FREE Shipping
Anker A3390H11 Soundcore Rave Mini Bluetooth Speaker - Black,"4,829.00","3,311.17",FREE Shipping
Remax RB-M50 Tianyue Wireless Bluetooth Speaker with Alarm Clock - White,476.00,222.87,FREE Shipping
JBL GO3 Portable Waterproof Bluetooth Speaker - Pink,"1,008.00",791.50,FREE Shipping
Boompods Rockpod Waterproof Bluetooth Wireless Speaker - Blue,"1,106.00",908.50,FREE Shipping
Media Tech MT-B001 Wireless Subwoofer with Sound Bar - Black,"2,999.00","1,799.00",FREE Shipping
Boompods BP-AQPGRN Waterproof and Shockproof Bluetooth Speaker - Green,770.00,632.50,FREE Shipping
Recci RBS-G1 Solo Series Wireless All In One Speaker - Red,339.00,259.99,FREE Shipping
Smart Music Lamp Bluetooth Speaker,94.00,54.92,FREE Shipping
Sony XB23 Portable Wireless Bluetooth Waterproof Speaker - Black - Local Warranty,"2,886.00","2,199.00",FREE Shipping
JBL Clip 4 Water-proof Bluetooth speaker - White,"1,680.00","1,002.00",FREE Shipping
Etrain (SP330) - Wireless Bluetooth Speaker,235.00,193.50,FREE Shipping
ACME SP101 Portable Multimedia Speakers Black / Gray,270.00,81.93,FREE Shipping
NILLKIN Bullet S2 - Mini Wireless Speaker with Mic - Black,471.00,328.00,FREE Shipping
Moxom MX-SK13 Wireless Bluetooth Speakers - Black,350.00,287.50,FREE Shipping
LG PL7 XBOOMGo Waterproof Speaker with Multi Color Lighting - Black,"3,499.00","3,149.00",FREE Shipping
Pioneer XW-SMA4-K Wi-Fi Speaker with CoolStream Duo Bluetooth Adapter - Black,"9,100.00","3,139.50",FREE Shipping
Yamaha NS-F51 Floorstanding Speakers,"3,900.00","3,772.00",FREE Shipping
"Bluetooth Speaker with Smart Touch LED Mood Lamp, Portable Romantic Lighting Bluetooth Speaker, Music Player / Hands-free Bluetooth Speakerphone, TF card / AUX supported",73.00,52.97,FREE Shipping
"First F-95 Bluetooth Subwoofer, 80 Watt - Green","1,777.00","1,499.00",FREE Shipping
Apple HomePod mini - White,"4,999.00","2,899.00",FREE Shipping
HP Gaming Speakers X1000 - 8PB07AA - Black,"2,352.00","1,932.00",FREE Shipping
JBL Quantum Duo PC Gaming Speaker - Black,"5,180.00","4,500.00",FREE Shipping
TTEC 2BH04K Active Mini Portable Bluetooth Speaker - Red,350.00,224.72,FREE Shipping
Speedlink 8001-BE Snappy Stereo Speakers - Blue,165.00,75.00,FREE Shipping
Speaker LAVA ST-65,196.00,161.00,FREE Shipping
"Anker D3000211 Nebula Soundbar, Fire TV Edition, 4K HDR Support - Gray","6,500.00","3,825.00",FREE Shipping
Speedlink 810004-BK Twoxo Stereo Speakers - Black,153.00,125.50,FREE Shipping
Moxom MX-SK09 Wireless Bluetooth Speakers - Grey,266.00,218.50,FREE Shipping
Moxom MX-SK11 Wireless Bluetooth Speakers - Black,238.00,195.50,FREE Shipping
Moxom MX-SK06 Wireless Bluetooth Speakers - Black,308.00,253.00,FREE Shipping
Moxom MX-SK12 Wireless Bluetooth Speakers - Black,336.00,276.00,FREE Shipping
Moxom MX-SK05 Wireless Bluetooth Speakers - Black,308.00,253.00,FREE Shipping
Yamaha STAGEPAS 600BT Portable PA System with Bluetooth,"23,520.00","19,320.00",FREE Shipping
Creative MUVO 2 - Portable Water-resistant Bluetooth Speaker with Built-in MP3 Player - Grey,"1,865.00","1,490.74",FREE Shipping
YAMAHA SR-B20A Sound Bar with Built-in Subwoofers and Bluetooth,"4,032.00","3,312.00",FREE Shipping
EWA A101C Wireless Bluetooth Stereo - Multi Color,294.00,241.50,FREE Shipping
"Kisonli S-999 Wired Computer Speaker, 2 Pieces - Blue",106.00,87.50,FREE Shipping
"Monster Boomerang Neckband Bluetooth Speaker, Lightweight Wireless Wearable Speaker with 12H Playtime, True 3D Stereo Sound, Portable and IPX7 Waterproof, Ideal for Home&Outdoors",,"2,185.00",FREE Shipping
Knit Timpani Wireless SpeaKer - Multi Color,840.00,675.00,FREE Shipping
Tronsmart Force Bluetooth Speaker Bluetooth 5.0 Portable Speaker IPX7 Waterproof 40W Speakers 15H Playtime with Voice Assistant with Free Case,"1,076.00",884.00,FREE Shipping
"Soundcore Motion Q Portable Bluetooth Speaker by Anker, 360 degree Speaker with Dual 8W Drivers for Louder All-Around Sound, and IPX7 Waterproof for Outdoor Activities and Parties","1,259.00",751.00,FREE Shipping
Media-Tech MT-854 Subwoofer 2.1 - Black,"1,599.00",999.00,FREE Shipping
EWA W1 Portable Wireless SpeAKer - Rose Gold,609.00,500.50,FREE Shipping
Earise S7 Wireless SpeAKer - Black Red,"1,190.00",410.55,FREE Shipping
"WEKOME (WK) Desktop mini Bluetooth speaker D6 (Black). Small speaker (palm-sized). Clear sound quality (500 mAh for 4-5 hours), transmission distance (10M), maximum support 32G TF card.",182.00,109.00,FREE Shipping
Ykpromise YK-H2 Desktop Bluetooth Speaker - Black,"1,079.00",434.09,FREE Shipping
Google - Home Hub with Google Assistant - Charcoal,"4,199.00","3,449.00",FREE Shipping
Nillkin Cozy MC3 Pro - Portable Wireless Bluetooth Power Bank Speaker with Colorful Light - White,"1,133.00",820.00,FREE Shipping
Remax RB-M50 Tianyue Wireless Bluetooth 5.0 Speaker with Alarm Clock - Yellow,476.00,391.00,FREE Shipping
"Creative NUNO Micro Bluetooth Wireless Speaker, with fabric cover - Grey","1,208.00","1,107.55",FREE Shipping
Yamaha SR-C20A Compact Sound Bar with Built-in Subwoofer and Bluetooth,"3,472.00","2,852.00",FREE Shipping
Bose SoundLink Color 2 Bluetooth Speaker - Aquatic Blue,"3,495.00","3,267.84",FREE Shipping
WK Design ST600 Wired and Wireless Bluetooth Speaker - Black,469.00,385.50,FREE Shipping
Nillkin Traveler W2 - TWS Portable Bluetooth Speaker - Bluetooth 5.0 - IPX7 Water-Resistant - Black,"1,341.00",938.50,FREE Shipping
Nillkin X-MAN - Bluetooth 4.0 IPX4 Splash-proof Sound Box with 5200mAh Power Bank - Red,915.00,665.00,FREE Shipping
NILLKIN Bullet S2 - Mini Wireless Speaker with Mic - Orange,471.00,328.00,FREE Shipping
PC-1 Mini Wireless Speaker Mushroom - Brown,"1,862.00","1,529.50",FREE Shipping
Speedlink 8001-GN Snappy Stereo Speakers - Green,165.00,75.00,FREE Shipping
"X-Loud Multifunction Speaker,X200",630.00,517.50,FREE Shipping
X-Loud LD-A6060BT Bluetooth Subwoofer Speaker - Black,"1,125.00",862.50,FREE Shipping
Music Apollo B2 Classic Car Wireless SpeAKer - Multi Color,448.00,345.00,FREE Shipping
BY 3070 Wireless SpeaKer - Multi Color,609.00,500.50,FREE Shipping
Kivee KV-MW01 Mini Bluetooth Speaker  - White,448.00,353.00,FREE Shipping
Kivee KV-MW08 Mini Bluetooth Speaker  - Pink,448.00,360.50,FREE Shipping
Kivee KV-MW08 Mini Bluetooth SpeAKer  - Turquoise,448.00,368.00,FREE Shipping
Bang and Olufsen 1280373 Beolit 17 PortaBle Bluetooth Speaker - Stone Grey,"11,843.00","9,728.50",FREE Shipping
WK Design ST550 Wired and Wireless Bluetooth Speaker - Black,630.00,417.50,FREE Shipping
Borofone BR4 Horizon Sports Wireless Speaker - Black,224.00,184.00,FREE Shipping
BoomPods Aquapod Waterproof Bluetooth Speaker - Black - AQPDGR,"1,133.00",530.71,FREE Shipping
Media Tech MT-02 Bluetooth Speaker - Orange,479.00,399.00,FREE Shipping
JBL PRX818XLF 18 Inch Self-Powered Extended Low-Frequency Subwoofer System With Wi-Fi - Black,"30,786.00","26,388.00",FREE Shipping
Moxom MX-SK19 Wireless Bluetooth Speaker - Black,196.00,170.00,FREE Shipping
Moxom MX-SK19 Wireless Bluetooth Speaker - Orange,308.00,253.00,FREE Shipping
Moxom MX-SK18 Wireless Bluetooth Speakers - Black,322.00,264.50,FREE Shipping
"Soundcore Mini 2 Pocket Bluetooth IPX7 Waterproof Outdoor Speaker, Powerful Sound with Enhanced Bass",875.00,719.00,FREE Shipping
XO-P2 Bluetooth Speaker - White,660.00,632.50,FREE Shipping
Hoco BS30 - New Moon Sports Wireless Speaker - Grey,295.00,198.97,FREE Shipping
JBL Harman Onyx Studio 6 Waterproof Bluetooth speaker - Black,"5,833.00","5,208.00",FREE Shipping
OneDer V9 Portable Square Wireless Speaker With 4 Metal Bases And Silicone Handle - Black Pink,560.00,331.20,FREE Shipping
MEDIaTECH 2.1 Bluetooth speaker MT-N871,"1,960.00","1,550.00",FREE Shipping
JOYROOM Jr-M03 Wireless Speakers For Tablets And Mobile Phones - Green,483.00,310.50,FREE Shipping
JBL GO2-GD/99 Portable Wireless Bluetooth Speaker - Pearl Champagne,"1,350.00",750.00,FREE Shipping
"LAvvento (SP337)Portable Bluetooth Speaker with Shoulder Strap, Built-in Mic, Aux  Black",294.00,231.00,FREE Shipping
